Site,sampleID,pop,thallus,wetmass,drymass,wmtodm,water,afdm,organiccontent,percentafdm
"Sandy Point, RI",RIS_02,RIS,2,1.7216,0.2344,7.344709898,1.4872,0.1061,0.1283,45.26450512
"Sandy Point, RI",RIS_03,RIS,3,4.4193,0.4932,8.960462287,3.9261,0.1997,0.2935,40.49067315
"Sandy Point, RI",RIS_06,RIS,6,1.9213,0.2336,8.224743151,1.6877,0.1121,0.1215,47.9880137
"Sandy Point, RI",RIS_10,RIS,10,2.5941,0.305,8.505245902,2.2891,0.1369,0.1681,44.8852459
"Sandy Point, RI",RIS_15B,RIS,15B,1.0851,0.1381,7.857349747,0.947,0.0606,0.0775,43.88124547
"Sandy Point, RI",RIS_30,RIS,30,1.0111,0.1233,8.200324412,0.8878,0.0583,0.065,47.28304947
"Sandy Point, RI",RIS_39,RIS,39,8.0265,0.8715,9.209982788,7.155,0.3654,0.5061,41.92771084
"Sandy Point, RI",RIS_48,RIS,48,2.2081,0.2523,8.751882679,1.9558,0.1163,0.136,46.09591756
"Sandy Point, RI",RIS_72,RIS,72,5.1842,0.6158,8.418642416,4.5684,0.2594,0.3564,42.12406626
"Sandy Point, RI",RIS_78,RIS,78,3.1466,0.357,8.814005602,2.7896,0.1588,0.1982,44.48179272
"Sandy Point, RI",RIS_95,RIS,95,6.8904,0.8029,8.581890646,6.0875,0.299,0.5039,37.24000498
"Sandy Point, RI",RIS_98,RIS,98,7.7856,0.8318,9.359942294,6.9538,0.3355,0.4963,40.33421496
"Tybee Cut, Savannah, GA",SAV_11,SAV,11,2.3135,0.431,5.36774942,1.8825,0.137,0.294,31.78654292
"Tybee Cut, Savannah, GA",SAV_18,SAV,18,1.5832,0.229,6.913537118,1.3542,0.0882,0.1408,38.51528384
"Tybee Cut, Savannah, GA",SAV_24,SAV,24,1.7289,0.3067,5.637104663,1.4222,0.1049,0.2018,34.20280404
"Tybee Cut, Savannah, GA",SAV_26,SAV,26,3.244,0.5178,6.264967169,2.7262,0.174,0.3438,33.603708
"Tybee Cut, Savannah, GA",SAV_43,SAV,43,4.8195,0.5694,8.464172813,4.2501,0.2206,0.3488,38.742536
"Tybee Cut, Savannah, GA",SAV_48,SAV,48,2.087,0.2948,7.079375848,1.7922,0.1142,0.1806,38.73812754
"Tybee Cut, Savannah, GA",SAV_55,SAV,55,0.9607,0.1409,6.818310859,0.8198,0.0544,0.0865,38.60894251
"Tybee Cut, Savannah, GA",SAV_57,SAV,57,2.4384,0.332,7.344578313,2.1064,0.1187,0.2133,35.75301205
"Tybee Cut, Savannah, GA",SAV_70,SAV,70,1.7715,0.2437,7.269183422,1.5278,0.0897,0.154,36.80755027
"Tybee Cut, Savannah, GA",SAV_77,SAV,77,0.8036,0.1271,6.322580645,0.6765,0.0495,0.0776,38.94571204
"Point Wilson, WA",PTW_11,PTW,11,25.4391,2.6988,9.426078257,22.7403,1.0118,1.687,37.49073662
"Point Wilson, WA",PTW_12,PTW,12,3.0034,0.4242,7.080150872,2.5792,0.1639,0.2603,38.63743517
"Point Wilson, WA",PTW_25,PTW,25,9.8261,1.1211,8.764695388,8.705,0.3832,0.7379,34.18071537
"Point Wilson, WA",PTW_28,PTW,28,8.6776,0.9767,8.884611447,7.7009,0.4347,0.542,44.50701341
"Point Wilson, WA",PTW_36,PTW,36,4.6035,0.5353,8.599850551,4.0682,0.2076,0.3277,38.78199141
"Point Wilson, WA",PTW_39,PTW,39,4.5329,0.605,7.492396694,3.9279,0.1907,0.4143,31.52066116
"Point Wilson, WA",PTW_54,PTW,54,11.1387,1.358,8.202282769,9.7807,0.4441,0.9139,32.70250368
"Point Wilson, WA",PTW_56,PTW,56,4.6008,0.5321,8.64649502,4.0687,0.217,0.3151,40.78180793
"Point Wilson, WA",PTW_59,PTW,59,15.285,1.6085,9.502642213,13.6765,0.694,0.9145,43.145788
"Point Wilson, WA",PTW_69,PTW,69,9.3882,1.0572,8.880249716,8.331,0.3937,0.6635,37.23987893
"Eld's Inlet, WA",ELD_17,ELD,17,3.4222,0.4727,7.239686905,2.9495,0.1591,0.3136,33.65771102
"Eld's Inlet, WA",ELD_19,ELD,19,12.7032,1.4751,8.611755135,11.2281,0.562,0.9131,38.09911192
"Eld's Inlet, WA",ELD_26,ELD,26,7.9372,1.0127,7.837661696,6.9245,0.3859,0.6268,38.10605313
"Eld's Inlet, WA",ELD_36,ELD,36,7.9495,1.9658,4.043900702,5.9837,1.3868,0.579,70.54634246
"Eld's Inlet, WA",ELD_39,ELD,39,4.9578,0.6549,7.570316079,4.3029,0.288,0.3669,43.97617957
"Eld's Inlet, WA",ELD_44,ELD,44,2.1323,0.2764,7.714544139,1.8559,0.1235,0.1529,44.68162084
"Eld's Inlet, WA",ELD_53,ELD,53,2.0847,0.2561,8.140179617,1.8286,0.0335,0.2226,13.0808278
"Eld's Inlet, WA",ELD_62,ELD,62,2.1585,0.333,6.481981982,1.8255,0.1353,0.1977,40.63063063
"Eld's Inlet, WA",ELD_69,ELD,69,1.4911,0.2164,6.890480591,1.2747,0.0867,0.1297,40.06469501
"Eld's Inlet, WA",ELD_70,ELD,70,5.5928,0.7864,7.11190234,4.8064,0.314,0.4724,39.92878942
"Lighthouse Point, CT",LHP_14,LHP,14,3.6765,0.4118,8.92787761,3.2647,0.1566,0.2552,38.02816901
"Lighthouse Point, CT",LHP_47,LHP,47,3.4906,0.3389,10.29979345,3.1517,0.1518,0.1871,44.79197403
"Lighthouse Point, CT",LHP_63,LHP,63,5.0425,0.5825,8.656652361,4.46,0.2274,0.3551,39.03862661
"Lighthouse Point, CT",LHP_68,LHP,68,15.1537,1.2927,11.72251876,13.861,0.5396,0.7531,41.7420902
"Lighthouse Point, CT",LHP_75,LHP,75,1.534,0.1676,9.15274463,1.3664,0.0786,0.089,46.8973747
"Lighthouse Point, CT",LHP_79,LHP,79,2.4804,0.2486,9.977473854,2.2318,0.1127,0.1359,45.33386967
"Lighthouse Point, CT",LHP_81,LHP,81,2.4125,0.2656,9.083207831,2.1469,0.1347,0.1309,50.71536145
"Lighthouse Point, CT",LHP_82,LHP,82,2.0836,0.1684,12.37292162,1.9152,0.0423,0.1261,25.11876485
"Lighthouse Point, CT",LHP_83,LHP,83,6.807,0.6273,10.85126734,6.1797,0.2652,0.3621,42.27642276
"Lighthouse Point, CT",LHP_90,LHP,90,8.3673,0.8088,10.34532641,7.5585,0.3734,0.4354,46.16716123
"Lighthouse Point, CT",LHP_94,LHP,94,6.3906,0.6855,9.322538293,5.7051,0.32,0.3655,46.68125456
Shimabira,SHI_01,SHI,1,2.8865,0.4208,6.859553232,2.4657,0.1653,0.2555,39.28231939
Shimabira,SHI_07,SHI,7,1.212,0.2064,5.872093023,1.0056,0.0691,0.1373,33.47868217
Shimabira,SHI_08,SHI,8,2.5973,0.403,6.444913151,2.1943,0.1773,0.2257,43.99503722
Shimabira,SHI_13,SHI,13,0.9477,0.1456,6.508928571,0.8021,0.0563,0.0893,38.66758242
Shimabira,SHI_17,SHI,17,1.4764,0.2526,5.844813935,1.2238,0.0955,0.1571,37.80680918
Shimabira,SHI_22,SHI,22,0.7125,0.1215,5.864197531,0.591,0.0402,0.0813,33.08641975
Shimabira,SHI_23,SHI,23,4.1475,0.5499,7.542280415,3.5976,0.2143,0.3356,38.97072195
Shimabira,SHI_27,SHI,27,0.5758,0.0992,5.804435484,0.4766,0.0344,0.0648,34.67741935
Shimabira,SHI_28,SHI,28,2.1527,0.324,6.644135802,1.8287,0.1218,0.2022,37.59259259
Shimabira,SHI_30,SHI,30,0.4541,0.089,5.102247191,0.3651,0.0372,0.0518,41.79775281
Shimabira,SHI_39,SHI,39,1.5065,0.2266,6.648278906,1.2799,0.0835,0.1431,36.84907326
Shimabira,SHI_41,SHI,41,1.2435,0.1885,6.596816976,1.055,0.0684,0.1201,36.28647215
Shimabira,SHI_42,SHI,42,0.6955,0.118,5.894067797,0.5775,0.0416,0.0764,35.25423729
Shimabira,SHI_48,SHI,48,13.2039,1.6691,7.910790246,11.5348,0.7339,0.9352,43.96980409
Shimabira,SHI_49,SHI,49,3.9247,0.5477,7.165784188,3.377,0.1947,0.353,35.54865802
Shimabira,SHI_50,SHI,50,7.8087,1.0878,7.178433536,6.7209,0.4836,0.6042,44.4567016
Shimabira,SHI_51,SHI,51,2.806,0.4824,5.816749585,2.3236,0.1724,0.31,35.73797678
Shimabira,SHI_54,SHI,54,1.1254,0.2022,5.565776459,0.9232,0.0769,0.1253,38.03165183
Shimabira,SHI_58,SHI,58,1.508,0.247,6.105263158,1.261,0.0847,0.1623,34.29149798
Shimabira,SHI_67,SHI,67,1.6947,0.3038,5.578341014,1.3909,0.1088,0.195,35.81303489
Shimabira,SHI_71,SHI,71,2.3321,0.4194,5.560562709,1.9127,0.1805,0.2389,43.03767287
Shimabira,SHI_75,SHI,75,1.572,0.2891,5.437564856,1.2829,0.1369,0.1522,47.3538568
Shimabira,SHI_76,SHI,76,2.3709,0.3795,6.24743083,1.9914,0.1504,0.2291,39.63109354
Shimabira,SHI_87,SHI,87,2.3846,0.396,6.021717172,1.9886,0.1394,0.2566,35.2020202
Kaeda,KAE_115,KAE,115,4.59,1.5644,2.934032217,3.0256,1.2409,0.3235,79.32114549
Kaeda,KAE_125,KAE,125,5.3505,1.7003,3.146797624,3.6502,1.2656,0.4347,74.43392343
Kaeda,KAE_150,KAE,150,1.0957,0.1916,5.71868476,0.9041,0.071,0.1206,37.05636743
Kaeda,KAE_162,KAE,162,6.5405,0.9386,6.968357128,5.6019,0.381,0.5576,40.59237162
Kaeda,KAE_186,KAE,186,2.9067,0.5443,5.340253537,2.3624,0.2244,0.3199,41.22726438
Kaeda,KAE_193,KAE,193,3.449,0.4921,7.008738061,2.9569,0.2081,0.284,42.28815281
Kaeda,KAE_195,KAE,195,1.9067,0.3048,6.255577428,1.6019,0.1096,0.1952,35.95800525
Kaeda,KAE_197,KAE,197,5.9543,0.9882,6.025399717,4.9661,0.3887,0.5995,39.33414289
Kaeda,KAE_198,KAE,198,3.0351,0.4908,6.18398533,2.5443,0.193,0.2978,39.32355338
Kaeda,KAE191,KAE191,,1.7654,0.2714,6.504789978,1.494,0.1151,0.1563,42.40972734
Wajiro,WAJ_114,WAJ,114,1.9235,0.3253,5.913003381,1.5982,0.0852,0.2401,26.19120812
Wajiro,WAJ_145,WAJ,145,0.4377,0.0657,6.662100457,0.372,0.024,0.0417,36.52968037
Wajiro,WAJ_148,WAJ,148,0.1919,0.0316,6.07278481,0.1603,0.0151,0.0165,47.78481013
Wajiro,WAJ_151,WAJ,151,0.356,0.0458,7.772925764,0.3102,0.0177,0.0281,38.64628821
Wajiro,WAJ_162,WAJ,162,0.8826,0.1028,8.585603113,0.7798,0.0406,0.0622,39.49416342
Wajiro,WAJ_163,WAJ,163,0.4958,0.0748,6.628342246,0.421,0.0277,0.0471,37.03208556
Wajiro,WAJ_185,WAJ,185,0.5638,0.0708,7.963276836,0.493,0.0287,0.0421,40.53672316
Wajiro,WAJ_199,WAJ,199,1.022,0.1184,8.631756757,0.9036,0.0534,0.065,45.10135135
Shikanoshima,SHK_06,SHK,6,1.1056,0.1548,7.142118863,0.9508,0.0621,0.0927,40.11627907
Shikanoshima,SHK_19,SHK,19,1.0442,0.15,6.961333333,0.8942,0.0443,0.1057,29.53333333
Shikanoshima,SHK_26,SHK,26,2.2145,0.3085,7.17828201,1.906,0.1083,0.2002,35.10534846
Shikanoshima,SHK_30,SHK,30,0.7197,0.0953,7.551941238,0.6244,0.035,0.0603,36.72612802
Shikanoshima,SHK_68,SHK,68,2.433,0.3785,6.428005284,2.0545,0.1169,0.2616,30.88507266
Shikanoshima,SHK_70,SHK,70,1.602,0.2043,7.841409692,1.3977,0.0684,0.1359,33.48017621
Shikanoshima,SHK_74,SHK,74,12.4979,1.4299,8.740401427,11.068,0.5632,0.8667,39.38736975
Shikanoshima,SHK_78,SHK,78,8.973,1.051,8.537583254,7.922,0.4093,0.6417,38.94386299
Shikanoshima,SHK_89,SHK,89,7.0261,0.7902,8.891546444,6.2359,0.2559,0.5343,32.38420653
Shikanoshima,SHK_91,SHK,91,4.9197,0.6307,7.80038053,4.289,0.2021,0.4286,32.0437609
Hikayama,HIK_114,HIK,114,12.0881,1.4555,8.305118516,10.6326,0.4737,0.9818,32.545517
Hikayama,HIK_151,HIK,151,2.7852,0.346,8.049710983,2.4392,0.1402,0.2058,40.52023121
Hikayama,HIK_176,HIK,176,5.5347,0.555,9.972432432,4.9797,0.2153,0.3397,38.79279279
Hikayama,HIK_184,HIK,184,2.6674,0.3358,7.943418702,2.3316,0.165,0.1708,49.13639071
Hikayama,HIK_185,HIK,185,5.3766,0.5704,9.42601683,4.8062,0.2411,0.3293,42.26858345
Hikayama,HIK_188,HIK,188,4.1119,0.4538,9.061040106,3.6581,0.1715,0.2823,37.79197885
Moune Bay,MOU_01,MOU,1,4.5066,0.4398,10.24693042,4.0668,0.1917,0.2481,43.58799454
Moune Bay,MOU_03,MOU,3,5.3313,0.4685,11.37950907,4.8628,0.2262,0.2423,48.28175027
Moune Bay,MOU_07,MOU,7,6.0099,0.5912,10.1655954,5.4187,0.2653,0.3259,44.87483085
Moune Bay,MOU_100,MOU,100,3.7948,0.4353,8.717665977,3.3595,0.1653,0.27,37.97381116
Moune Bay,MOU_12,MOU,12,3.9165,0.5145,7.612244898,3.402,0.235,0.2795,45.67541302
Moune Bay,MOU_20,MOU,20,3.2455,0.3382,9.596392667,2.9073,0.1491,0.1891,44.08633944
Moune Bay,MOU_30,MOU,30,6.8635,0.6866,9.99635887,6.1769,0.2706,0.416,39.41159336
Moune Bay,MOU_62,MOU,62,1.534,0.1753,8.750713063,1.3587,0.0746,0.1007,42.55561894
Moune Bay,MOU_85,MOU,85,0.9777,0.1407,6.948827292,0.837,0.086,0.0547,61.12295665
Moune Bay,MOU_95,MOU,95,1.4972,0.2301,6.506736202,1.2671,0.1626,0.0675,70.66492829
Shinori,SHN_108,SHN,108,7.4095,0.7966,9.301405975,6.6129,0.3133,0.4833,39.32965102
Shinori,SHN_111,SHN,111,4.3297,0.5401,8.01647843,3.7896,0.2451,0.295,45.3804851
Shinori,SHN_113,SHN,113,2.2486,0.2321,9.688065489,2.0165,0.0989,0.1332,42.61094356
Shinori,SHN_144,SHN,144,10.5267,0.9923,10.60838456,9.5344,0.3497,0.6426,35.24135846
Shinori,SHN_157,SHN,157,9.4041,0.947,9.930411827,8.4571,0.313,0.634,33.05174234
Shinori,SHN_169,SHN,169,5.7996,0.7501,7.731769097,5.0495,0.283,0.4671,37.72830289
Shinori,SHN_175,SHN,175,7.3972,1.0151,7.287163826,6.3821,0.2777,0.7374,27.35691065
Shinori,SHN_176,SHN,176,8.5427,0.6996,12.21083476,7.8431,0.2334,0.4662,33.3619211
Shinori,SHN_201,SHN,201,13.6713,1.4112,9.687712585,12.2601,0.4548,0.9564,32.22789116
Futatsuiwa,FUT_04,FUT,4,1.1593,0.1193,9.71751886,1.04,0.0533,0.066,44.67728416
Futatsuiwa,FUT_12,FUT,12,1.3173,0.2531,5.204662189,1.0642,0.1448,0.1083,57.2105887
Futatsuiwa,FUT_19,FUT,19,1.9644,0.1929,10.18351477,1.7715,0.0818,0.1111,42.40539139
Futatsuiwa,FUT_20,FUT,20,4.6811,0.4396,10.64854413,4.2415,0.1735,0.2661,39.46769791
Futatsuiwa,FUT_30,FUT,30,1.2827,0.1531,8.378184193,1.1296,0.0635,0.0896,41.47615937
Futatsuiwa,FUT_31,FUT,31,8.8402,0.8552,10.33699719,7.985,0.3195,0.5357,37.35968195
Futatsuiwa,FUT_32,FUT,32,4.4073,0.5056,8.716969937,3.9017,0.2026,0.303,40.07120253
Futatsuiwa,FUT_38,FUT,38,2.8048,0.3136,8.943877551,2.4912,0.1143,0.1993,36.44770408
Futatsuiwa,FUT_56,FUT,56,5.2598,0.5577,9.431235431,4.7021,0.2352,0.3225,42.1732114
Futatsuiwa,FUT_65,FUT,65,12.036,1.053,11.43019943,10.983,0.3919,0.6611,37.21747388
"Chikarakotan, Akkeshi Bay Site A",AKA_?,AKA,unk,3.3174,0.3007,11.03225806,3.0167,0.1494,0.1513,49.6840705
"Chikarakotan, Akkeshi Bay Site A",AKA_??,AKA,unk2,2.3635,0.2146,11.01351351,2.1489,0.1155,0.0991,53.82106244
"Chikarakotan, Akkeshi Bay Site A",AKA_105,AKA,105,0.9288,0.0941,9.870350691,0.8347,0.0483,0.0458,51.32837407
"Chikarakotan, Akkeshi Bay Site A",AKA_107,AKA,107,1.5141,0.1377,10.9956427,1.3764,0.0706,0.0671,51.27087872
"Chikarakotan, Akkeshi Bay Site A",AKA_144,AKA,144,4.5643,0.3602,12.67157135,4.2041,0.1972,0.163,54.74736258
"Chikarakotan, Akkeshi Bay Site A",AKA_146,AKA,146,1.6004,0.1415,11.31024735,1.4589,0.0703,0.0712,49.6819788
"Chikarakotan, Akkeshi Bay Site A",AKA_147,AKA,147,5.5083,0.4513,12.2054066,5.057,0.2232,0.2281,49.45712386
"Chikarakotan, Akkeshi Bay Site A",AKA_165,AKA,165,1.3699,0.119,11.51176471,1.2509,0.0671,0.0519,56.38655462
"Chikarakotan, Akkeshi Bay Site A",AKA_186,AKA,186,8.9581,0.6859,13.06035865,8.2722,0.3115,0.3744,45.4147835
"Chikarakotan, Akkeshi Bay Site A",AKA_192,AKA,192,4.0819,0.3357,12.15936848,3.7462,0.1567,0.179,46.67858207
"Chikarakotan, Akkeshi Bay Site A",AKA_37,AKA,37,6.1566,0.45,13.68133333,5.7066,0.2198,0.2302,48.84444444
"Chikarakotan, Akkeshi Bay Site A",AKA_39,AKA,39,3.5422,0.2965,11.94671164,3.2457,0.1464,0.1501,49.37605396
"Chikarakotan, Akkeshi Bay Site A",AKA_42,AKA,42,12.6797,0.9913,12.79098154,11.6884,0.4513,0.54,45.52607687
"Chikarakotan, Akkeshi Bay Site A",AKA_43,AKA,43,1.7468,0.1698,10.28739694,1.577,0.0808,0.089,47.58539458
"Chikarakotan, Akkeshi Bay Site A",AKA_46,AKA,46,1.6703,0.1472,11.34714674,1.5231,0.0694,0.0778,47.14673913
"Chikarakotan, Akkeshi Bay Site A",AKA_47A,AKA,47A,7.0742,0.5834,12.12581419,6.4908,0.2978,0.2856,51.04559479
"Chikarakotan, Akkeshi Bay Site A",AKA_48,AKA,48,5.2632,0.4214,12.48979592,4.8418,0.2046,0.2168,48.55244423
"Chikarakotan, Akkeshi Bay Site A",AKA_50,AKA,50,1.0353,0.0852,12.15140845,0.9501,0.0454,0.0398,53.28638498
Usu,USU_105,USU,105,0.0758,0.0109,6.95412844,0.0649,0.0049,0.006,44.95412844
Usu,USU_116,USU,116,0.0727,0.0072,10.09722222,0.0655,0.0038,0.0034,52.77777778
Usu,USU_122,USU,122,0.5194,0.0521,9.969289827,0.4673,0.0216,0.0305,41.45873321
Usu,USU_124,USU,124,0.0915,0.0096,9.53125,0.0819,0.0045,0.0051,46.875
Usu,USU_125,USU,125,2.6989,0.2862,9.430118798,2.4127,0.1016,0.1846,35.49965059
Usu,USU_134,USU,134,0.1337,0.0199,6.718592965,0.1138,0.0104,0.0095,52.26130653
Usu,USU_154,USU,154,0.026,0.0023,11.30434783,0.0237,0.0011,0.0012,47.82608696
Usu,USU_155,USU,155,2.8134,0.2463,11.4226553,2.5671,0.1052,0.1411,42.71213967
Usu,USU_161,USU,161,2.2821,0.1979,11.53158161,2.0842,0.0846,0.1133,42.74886306
Usu,USU_170,USU,170,2.5759,0.2226,11.57187781,2.3533,0.0926,0.13,41.59928122
Usu,USU_172,USU,172,0.0251,0.0028,8.964285714,0.0223,0.0013,0.0015,46.42857143
Usu,USU_175,USU,175,0.0554,0.0067,8.268656716,0.0487,0.0028,0.0039,41.79104478
Usu,USU_178,USU,178,4.9857,0.4624,10.78222318,4.5233,0.19,0.2724,41.0899654
Usu,USU_200,USU,200,0.0492,0.0017,28.94117647,0.0475,-0.0019,0.0036,-111.7647059
Mangoku-ura. Site 4,MNG_108,MNG,108,2.7338,0.2824,9.680594901,2.4514,0.1204,0.162,42.63456091
Mangoku-ura. Site 3,MNG_113,MNG,113,2.5584,0.2364,10.82233503,2.322,0.1023,0.1341,43.27411168
Mangoku-ura. Site 8,MNG_124,MNG,124,2.0352,0.2554,7.968676586,1.7798,0.092,0.1634,36.02192639
Mangoku-ura. Site 5,MNG_125,MNG,125,2.0863,0.2077,10.04477612,1.8786,0.0961,0.1116,46.26865672
Mangoku-ura. Site 7,MNG_127,MNG,127,3.5824,0.3984,8.991967871,3.184,0.1541,0.2443,38.67971888
Mangoku-ura. Site 6,MNG_129,MNG,129,3.3637,0.3102,10.84364926,3.0535,0.1368,0.1734,44.10058027
Mangoku-ura. Site 10,MNG_146,MNG,146,2.8991,0.353,8.212747875,2.5461,0.1352,0.2178,38.30028329
Mangoku-ura. Site 9,MNG_150,MNG,150,1.0926,0.1349,8.099332839,0.9577,0.0542,0.0807,40.17790956
Mangoku-ura. Site 11,MNG_159,MNG,159,4.2951,0.4841,8.872340426,3.811,0.192,0.2921,39.66122702
Hayase River,HAY_116,HAY,116,0.4152,0.0563,7.374777975,0.3589,0.0233,0.033,41.38543517
Hayase River,HAY_125,HAY,125,0.5206,0.0669,7.781763827,0.4537,0.0282,0.0387,42.15246637
Hayase River,MNG_133,MNG,133,2.5728,0.3368,7.638954869,2.236,0.1233,0.2135,36.60926366
Hayase River,HAY_135,HAY,135,3.3229,0.4128,8.049660853,2.9101,0.1731,0.2397,41.93313953
Hayase River,HAY_137,HAY,137,1.9257,0.2328,8.271907216,1.6929,0.0978,0.135,42.01030928
Hayase River,HAY_140,HAY,140,2.7189,0.38,7.155,2.3389,0.147,0.233,38.68421053
Hayase River,HAY_147,HAY,147,2.1899,0.2944,7.438519022,1.8955,0.1217,0.1727,41.33831522
Hayase River,HAY_163,HAY,163,3.4281,0.4258,8.050962893,3.0023,0.1756,0.2502,41.24001879
Hayase River,HAY_166,HAY,166,0.6994,0.0885,7.902824859,0.6109,0.045,0.0435,50.84745763
Hayase River,HAY_169,HAY,169,4.6632,0.5588,8.345025054,4.1044,0.2396,0.3192,42.87759485
Hayase River,HAY_171,HAY,171,1.521,0.2027,7.503700049,1.3183,0.082,0.1207,40.45387272
"Soukanzan, Matsushima Bay",SOU_54,SOU,54,2.911,0.3066,9.494455316,2.6044,0.1351,0.1715,44.06392694
"Soukanzan, Matsushima Bay",SOU_55,SOU,55,3.4809,0.3458,10.06622325,3.1351,0.1457,0.2001,42.13418161
"Soukanzan, Matsushima Bay",SOU_58,SOU,58,4.2632,0.4446,9.588843905,3.8186,0.1969,0.2477,44.28699955
"Soukanzan, Matsushima Bay",SOU_68,SOU,68,2.2627,0.2767,8.1774485,1.986,0.1078,0.1689,38.95916155
"Soukanzan, Matsushima Bay",SOU_70,SOU,70,3.2984,0.367,8.98746594,2.9314,0.1706,0.1964,46.48501362
"Soukanzan, Matsushima Bay",SOU_74,SOU,74,1.9372,0.1455,13.31408935,1.7917,0.0639,0.0816,43.91752577
"Soukanzan, Matsushima Bay",SOU_77,SOU,77,2.4089,0.2826,8.524062279,2.1263,0.1215,0.1611,42.99363057
"Soukanzan, Matsushima Bay",SOU_81,SOU,81,1.8089,0.2193,8.248518012,1.5896,0.0904,0.1289,41.22207022
"Soukanzan, Matsushima Bay",SOU_83,SOU,83,3.4528,0.4148,8.324011572,3.038,0.1807,0.2341,43.56316297
"Soukanzan, Matsushima Bay",SOU_04,SOU,4,2.0594,0.2553,8.066588327,1.8041,0.0971,0.1582,38.03368586
Choshi Nagasaki Tyou,CNT_05,CNT,5,3.482,0.4869,7.151365784,2.9951,0.1983,0.2886,40.72704868
Choshi Nagasaki Tyou,CNT_10,CNT,10,1.60298,0.38718,4.140141536,1.2158,0.25248,0.1347,65.20997985
Choshi Nagasaki Tyou,CNT_18,CNT,18,8.7905,1.0733,8.190161185,7.7172,0.3853,0.688,35.89863039
Choshi Nagasaki Tyou,CNT_20,CNT,20,1.5767,0.3013,5.232990375,1.2754,0.1535,0.1478,50.9459011
Choshi Nagasaki Tyou,CNT_26,CNT,26,11.4093,1.4022,8.136713736,10.0071,0.4754,0.9268,33.90386535
Choshi Nagasaki Tyou,CNT_30,CNT,30,12.0842,1.5534,7.779194026,10.5308,0.4965,1.0569,31.96214755
Choshi Nagasaki Tyou,CNT_50,CNT,50,29.0387,3.0626,9.481714883,25.9761,1.0987,1.9639,35.87474695
Choshi Nagasaki Tyou,CNT_59,CNT,59,35.8432,3.9686,9.031698836,31.8746,1.4903,2.4783,37.55228544
Choshi Nagasaki Tyou,CNT_60,CNT,60,24.3648,2.5052,9.725690564,21.8596,0.917,1.5882,36.60386396
Choshi Nagasaki Tyou,CNT_65,CNT,65,13.2369,1.4433,9.171274163,11.7936,0.5048,0.9385,34.97540359
Choshi Nagasaki Tyou,CNT_67,CNT,67,74.2985,5.9645,12.45678598,68.334,2.6379,3.3266,44.22667449
"Shintomi Unga, Futtsu",FRT_05,FRT,5,3.2375,0.4222,7.668166746,2.8153,0.1531,0.2691,36.26243486
"Shintomi Unga, Futtsu",FRT_08,FRT,8,0.5029,0.0763,6.591087811,0.4266,0.0281,0.0482,36.82830931
"Shintomi Unga, Futtsu",FRT_34,FRT,34,1.1368,0.1544,7.362694301,0.9824,0.059,0.0954,38.21243523
"Shintomi Unga, Futtsu",FRT_40,FRT,40,1.8302,0.2689,6.806247676,1.5613,0.0937,0.1752,34.84566753
"Shintomi Unga, Futtsu",FRT_46,FRT,46,1.0099,0.1383,7.302241504,0.8716,0.0535,0.0848,38.68402025
"Shintomi Unga, Futtsu",FRT_61,FRT,61,0.4079,0.0602,6.775747508,0.3477,0.0325,0.0277,53.98671096
"Shintomi Unga, Futtsu",FRT_83,FRT,83,0.5931,0.0803,7.386052304,0.5128,0.0303,0.05,37.73349938
"Shintomi Unga, Futtsu",FRT_85,FRT,85,0.6041,0.0854,7.073770492,0.5187,0.0318,0.0536,37.23653396
"Shintomi Unga, Futtsu",FRT_87,FRT,87,1.4579,0.2082,7.002401537,1.2497,0.0696,0.1386,33.42939481
"Shintomi Unga, Futtsu",FRT_88,FRT,88,3.2767,0.4494,7.291277259,2.8273,0.1588,0.2906,35.33600356
Port Moody,PMO_01,PMO,1,1.9389,0.3067,6.321812846,1.6322,0.1283,0.1784,41.83240952
Port Moody,PMO_15,PMO,15,0.9336,0.1691,5.520993495,0.7645,0.0907,0.0784,53.63690124
Port Moody,PMO_26,PMO,26,0.8655,0.1324,6.537009063,0.7331,0.0615,0.0709,46.45015106
Port Moody,PMO_31,PMO,31,0.5591,0.1129,4.952170062,0.4462,0.0524,0.0605,46.41275465
Port Moody,PMO_52,PMO,52,1.7403,0.2411,7.218166736,1.4992,0.1093,0.1318,45.33388635
Port Moody,PMO_59,PMO,59,1.4385,0.2464,5.838068182,1.1921,0.1036,0.1428,42.04545455
Port Moody,PMO_61,PMO,61,0.7887,0.1536,5.134765625,0.6351,0.0793,0.0743,51.62760417
Port Moody,PMO_78,PMO,78,3.5027,0.4715,7.428844115,3.0312,0.1944,0.2771,41.23011665
Port Moody,PMO_92,PMO,92,2.1887,0.3191,6.858978377,1.8696,0.1111,0.208,34.81667189
Port Moody,PMO_93,PMO,93,2.5261,0.3449,7.324151928,2.1812,0.1679,0.177,48.68077704
Elkhorn Slough,EHS_23,EHS,23,3.326,0.3877,8.57879804,2.9383,0.1764,0.2113,45.49909724
Elkhorn Slough,EHS_27,EHS,27,1.4858,0.1983,7.492687847,1.2875,0.0753,0.123,37.97276853
Elkhorn Slough,EHS_38,EHS,38,1.8187,0.2462,7.387083672,1.5725,0.0902,0.156,36.63688058
Elkhorn Slough,EHS_43,EHS,43,0.6027,0.0798,7.552631579,0.5229,0.0348,0.045,43.60902256
Elkhorn Slough,EHS_47,EHS,47,4.1158,0.5069,8.119550207,3.6089,0.2136,0.2933,42.13848885
Elkhorn Slough,EHS_59,EHS,59,1.8459,0.1973,9.355803345,1.6486,0.088,0.1093,44.60212874
Elkhorn Slough,EHS_64,EHS,64,6.6423,0.7184,9.245963252,5.9239,0.3015,0.4169,41.96826281
Elkhorn Slough,EHS_68,EHS,68,1.6395,0.2165,7.572748268,1.423,0.0905,0.126,41.80138568
Elkhorn Slough,EHS_80,EHS,80,0.4683,0.0716,6.540502793,0.3967,0.0277,0.0439,38.68715084
Elkhorn Slough,EHS_85,EHS,85,3.6505,0.3716,9.823735199,3.2789,0.1624,0.2092,43.70290635
Tomales Bay,TMB_100,TMB,100,1.0653,0.2188,4.868829982,0.8465,0.094,0.1248,42.96160878
Tomales Bay,TMB_31,TMB,31,9.6203,0.9658,9.960965003,8.6545,0.5429,0.4229,56.21246635
Tomales Bay,TMB_33,TMB,33,3.0171,0.3168,9.523674242,2.7003,0.1451,0.1717,45.80176768
Tomales Bay,TMB_45,TMB,45,1.8351,0.0721,25.45214979,1.763,-0.0828,0.1549,-114.8404993
Tomales Bay,TMB_53,TMB,53,5.7468,0.5982,9.606820461,5.1486,0.2675,0.3307,44.71748579
Tomales Bay,TMB_57,TMB,57,1.3747,0.1846,7.446912243,1.1901,0.076,0.1086,41.17009751
Tomales Bay,TMB_70,TMB,70,6.2961,0.6094,10.33163768,5.6867,0.2632,0.3462,43.19002297
Tomales Bay,TMB_77,TMB,77,2.6063,0.3414,7.634153486,2.2649,0.1361,0.2053,39.86526069
Tomales Bay,TMB_93,TMB,93,2.5308,0.3951,6.40546697,2.1357,0.135,0.2601,34.16856492
Tomales Bay,TMB_97,TMB,97,7.4773,1.1124,6.721772744,6.3649,0.3896,0.7228,35.02337289
Bodega Bay,BOB_02,BOB,2,4.2944,0.5615,7.648085485,3.7329,0.197,0.3645,35.08459484
Bodega Bay,BOB_10,BOB,10,9.2492,0.9751,9.485386114,8.2741,0.4076,0.5675,41.80084094
Bodega Bay,BOB_14,BOB,14,3.6069,0.4147,8.697612732,3.1922,0.1527,0.262,36.82179889
Bodega Bay,BOB_17,BOB,17,4.1982,0.5191,8.087459064,3.6791,0.1917,0.3274,36.92930071
Bodega Bay,BOB_20,BOB,20,3.7199,0.4692,7.928175618,3.2507,0.1645,0.3047,35.05967604
Bodega Bay,BOB_44,BOB,44,1.6837,0.2594,6.49074788,1.4243,0.0819,0.1775,31.57286045
Bodega Bay,BOB_48,BOB,48,2.3822,0.3129,7.613294982,2.0693,0.12361,0.18929,39.50463407
Bodega Bay,BOB_52,BOB,52,4.7069,0.8363,5.628243453,3.8706,0.4706,0.3657,56.27167284
Bodega Bay,BOB_55,BOB,55,5.7296,0.7091,8.080101537,5.0205,0.2686,0.4405,37.87900155
Bodega Bay,BOB_97,BOB,97,1.7606,0.2473,7.119288314,1.5133,0.0908,0.1565,36.71653862
"Great Bay, NH",GRB_25,GRB,25,9.6006,0.943,10.18091198,8.6576,0.3703,0.5727,39.26829268
"Great Bay, NH",GRB_44,GRB,44,8.2569,0.7998,10.32370593,7.4571,0.353,0.4468,44.13603401
"Great Bay, NH",GRB_48,GRB,48,3.1206,0.3542,8.81027668,2.7664,0.1581,0.1961,44.63579898
"Great Bay, NH",GRB_59,GRB,59,3.8075,0.427,8.916861827,3.3805,0.1863,0.2407,43.62997658
"Great Bay, NH",GRB_72,GRB,72,6.9469,0.6753,10.28713165,6.2716,0.289,0.3863,42.79579446
"Great Bay, NH",GRB_79,GRB,79,9.1733,0.993,9.23796576,8.1803,0.3632,0.6298,36.57603223
"Great Bay, NH",GRB_83,GRB,83,3.0749,0.1317,23.34776006,2.9432,0.0642,0.0675,48.74715262
"Great Bay, NH",GRB_88,GRB,88,6.3861,0.6518,9.797637312,5.7343,0.2803,0.3715,43.00398895
"Great Bay, NH",GRB_93,GRB,93,2.0774,0.2294,9.055797733,1.848,0.1163,0.1131,50.69747167
"Great Bay, NH",GRB_98,GRB,98,9.3078,0.2614,35.60749809,9.0464,-0.1815,0.4429,-69.4338179
"Crab Meadow, NY",NYC_12,NYC,12,11.9072,1.3216,9.00968523,10.5856,0.4976,0.824,37.65133172
"Crab Meadow, NY",NYC_19,NYC,19,6.5232,0.6097,10.69903231,5.9135,0.2742,0.3355,44.97293751
"Crab Meadow, NY",NYC_25,NYC,25,9.2825,0.9075,10.22865014,8.375,0.365,0.5425,40.22038567
"Crab Meadow, NY",NYC_27,NYC,27,4.5768,0.4591,9.969069919,4.1177,0.206,0.2531,44.87039861
"Crab Meadow, NY",NYC_32,NYC,32,3.9266,0.4775,8.223246073,3.4491,0.2127,0.2648,44.54450262
"Crab Meadow, NY",NYC_40,NYC,40,6.7333,0.6967,9.664561504,6.0366,0.2908,0.4059,41.73962968
"Crab Meadow, NY",NYC_44,NYC,44,3.4165,0.4152,8.228564547,3.0013,0.1814,0.2338,43.68978805
"Crab Meadow, NY",NYC_55,NYC,55,0.9943,0.115,8.646086957,0.8793,0.0592,0.0558,51.47826087
"Crab Meadow, NY",NYC_65,NYC,65,12.6844,1.1427,11.1003763,11.5417,0.4956,0.6471,43.37096351
"Crab Meadow, NY",NYC_83,NYC,83,6.573,0.6739,9.753672652,5.8991,0.3067,0.3672,45.51120344
Elliot's Beach,EBP_11,EBP,11,3.9991,0.4469,8.948534348,3.5522,0.1894,0.2575,42.38084583
Elliot's Beach,EBP_14,EBP,14,1.9198,0.2364,8.120981387,1.6834,0.1114,0.125,47.12351946
Elliot's Beach,EBP_16,EBP,16,1.8435,0.2305,7.997830803,1.613,0.1151,0.1154,49.93492408
Elliot's Beach,EBP_22,EBP,22,3.5839,0.4331,8.274994228,3.1508,0.1934,0.2397,44.65481413
Elliot's Beach,EBP_29,EBP,29,2.9956,0.3098,9.66946417,2.6858,0.1428,0.167,46.09425436
Elliot's Beach,EBP_47,EBP,47,2.7118,0.3273,8.285365108,2.3845,0.1415,0.1858,43.2325084
Elliot's Beach,EBP_51,EBP,51,2.9888,0.362,8.256353591,2.6268,0.1447,0.2173,39.97237569
Elliot's Beach,EBP_53,EBP,53,15.9086,1.5087,10.5445748,14.3999,0.616,0.8927,40.82985352
Elliot's Beach,EBP_63,EBP,63,2.2329,0.2601,8.584775087,1.9728,0.1227,0.1374,47.17416378
Elliot's Beach,EBP_70,EBP,70,2.9625,0.3183,9.307257304,2.6442,0.1333,0.185,41.87873076
"Fort Johnson, Charleston SC",CFJ_03,CFJ,3,2.6647,0.375,7.105866667,2.2897,0.1639,0.2111,43.70666667
"Fort Johnson, Charleston SC",CFJ_07,CFJ,7,2.7208,0.4704,5.784013605,2.2504,0.2671,0.2033,56.78146259
"Fort Johnson, Charleston SC",CFJ_25,CFJ,25,5.4778,0.7153,7.658045575,4.7625,0.3269,0.3884,45.70110443
"Fort Johnson, Charleston SC",CFJ_29,CFJ,29,6.8307,0.8084,8.449653637,6.0223,0.3142,0.4942,38.86689758
"Fort Johnson, Charleston SC",CFJ_40,CFJ,40,2.3838,0.3017,7.901226384,2.0821,0.1632,0.1385,54.09347033
"Fort Johnson, Charleston SC",CFJ_44,CFJ,44,8.0186,0.9692,8.273421378,7.0494,0.4346,0.5346,44.84110607
"Fort Johnson, Charleston SC",CFJ_32,CFJ,32,7.027,0.8783,8.000683138,6.1487,0.3878,0.4905,44.15347831
"Fort Johnson, Charleston SC",CFJ_53,CFJ,53,10.3005,1.1267,9.142185142,9.1738,0.4835,0.6432,42.91293157
"Fort Johnson, Charleston SC",CFJ_67,CFJ,67,6.3568,0.7628,8.333508128,5.594,0.3358,0.427,44.02202412
"WIllis Wharf, VA",WWF_01,WWF,1,3.216,0.4202,7.653498334,2.7958,0.1982,0.222,47.16801523
"Willis Wharf, VA",WWF_03,WWF,3,4.2255,0.6727,6.2814033,3.5528,0.3241,0.3486,48.17898023
"WIllis Wharf, VA",WWF_08,WWF,8,14.0522,1.3563,10.36068716,12.6959,0.6075,0.7488,44.79097545
"WIllis Wharf, VA",WWF_19,WWF,19,1.2583,0.2041,6.16511514,1.0542,0.0985,0.1056,48.26065654
"WIllis Wharf, VA",WWF_44,WWF,44,12.9601,1.3922,9.309079155,11.5679,0.6633,0.7289,47.64401666
"Willis Wharf, VA",WWF_53,WWF,53,1.5782,0.2892,5.457123098,1.289,0.1499,0.1393,51.83264177
"WIllis Wharf, VA",WWF_56,WWF,56,3.2914,0.4586,7.177060619,2.8328,0.2445,0.2141,53.31443524
"Willis Wharf, VA",WWF_76,WWF,76,3.8363,0.6712,5.715584029,3.1651,0.323,0.3482,48.1227652
"WIllis Wharf, VA",WWF_83,WWF,83,3.3699,0.5239,6.432334415,2.846,0.2221,0.3018,42.39358656
"WIllis Wharf, VA",WWF_96,WWF,96,10.7374,1.1753,9.135880201,9.5621,0.5258,0.6495,44.73751383
"Little Tom's Cove, Asseteague Island, VA",TOMS_09,TOMS,9,1.7628,0.2416,7.296357616,1.5212,0.1118,0.1298,46.27483444
"Little Tom's Cove, Asseteague Island, VA",TOMS_12,TOMS,12,2.7733,0.3706,7.483270372,2.4027,0.1818,0.1888,49.05558554
"Little Tom's Cove, Asseteague Island, VA",TOMS_14,TOMS,14,3.099,0.3769,8.222340143,2.7221,0.1858,0.1911,49.29689573
"Little Tom's Cove, Asseteague Island, VA",TOMS_18,TOMS,18,4.9029,0.5247,9.344196684,4.3782,0.2317,0.293,44.1585668
"Little Tom's Cove, Asseteague Island, VA",TOMS_30,TOMS,30,2.8148,0.3838,7.33402814,2.431,0.1602,0.2236,41.74048984
"Little Tom's Cove, Asseteague Island, VA",TOMS_36,TOMS,36,4.1465,0.4878,8.500410004,3.6587,0.2183,0.2695,44.75194752
"Little Tom's Cove, Asseteague Island, VA",TOMS_48,TOMS,48,1.6217,0.3846,4.216588664,1.2371,0.1763,0.2083,45.83983359
"Little Tom's Cove, Asseteague Island, VA",TOMS_61,TOMS,61,4.1915,0.6096,6.87582021,3.5819,0.2581,0.3515,42.33923885
"Little Tom's Cove, Asseteague Island, VA",TOMS_65,TOMS,65,8.74,0.9722,8.98991977,7.7678,0.4197,0.5525,43.1701296
"Little Tom's Cove, Asseteague Island, VA",TOMS_76,TOMS,76,4.4061,0.75,5.8748,3.6561,0.3065,0.4435,40.86666667
"Hillcrest, Oyster, VA",OSH_11,OSH,11,5.7812,0.6483,8.917476477,5.1329,0.3032,0.3451,46.76847139
"Hillcrest, Oyster, VA",OSH_25,OSH,25,4.3722,0.5104,8.566222571,3.8618,0.2015,0.3089,39.47884013
"Hillcrest, Oyster, VA",OSH_36,OSH,36,5.7828,0.6844,8.449444769,5.0984,0.3108,0.3736,45.41203974
"Hillcrest, Oyster, VA",OSH_38,OSH,38,3.5657,0.4175,8.540598802,3.1482,0.1987,0.2188,47.59281437
"Hillcrest, Oyster, VA",OSH_52,OSH,52,2.2702,0.2862,7.932215234,1.984,0.1322,0.154,46.19147449
"Hillcrest, Oyster, VA",OSH_56,OSH,56,5.508,0.6348,8.676748582,4.8732,0.2456,0.3892,38.68935098
"Hillcrest, Oyster, VA",OSH_78,OSH,78,3.4148,0.4229,8.074722157,2.9919,0.1773,0.2456,41.92480492
"Hillcrest, Oyster, VA",OSH_85,OSH,85,6.2817,0.6802,9.235077918,5.6015,0.2815,0.3987,41.3848868
"Hillcrest, Oyster, VA",OSH_93,OSH,93,42.4192,3.8471,11.02627954,38.5721,1.5515,2.2956,40.32907905
"Hillcrest, Oyster, VA",OSH_99,OSH,99,2.0572,0.2481,8.291817815,1.8091,0.1071,0.141,43.16807739
"Upper Haul Over, Wachapreague, VA",UHO_02,UHO,2,6.4638,0.8593,7.522169207,5.6045,0.4024,0.4569,46.82881415
"Upper Haul Over, Wachapreague, VA",UHO_08,UHO,8,2.5491,0.376,6.779521277,2.1731,0.1992,0.1768,52.9787234
"Upper Haul Over, Wachapreague, VA",UHO_11,UHO,11,10.3033,1.0924,9.431801538,9.2109,0.6031,0.4893,55.20871476
"Upper Haul Over, Wachapreague, VA",UHO_17,UHO,17,7.4311,0.9691,7.668042514,6.462,0.505,0.4641,52.11020535
"Upper Haul Over, Wachapreague, VA",UHO_19,UHO,19,16.5282,1.9574,8.443956269,14.5708,1.0495,0.9079,53.61704302
"Upper Haul Over, Wachapreague, VA",UHO_23,UHO,23,12.6924,1.3564,9.357416691,11.336,0.6845,0.6719,50.46446476
"Upper Haul Over, Wachapreague, VA",UHO_45,UHO,45,14.8127,1.9786,7.486455069,12.8341,1.0661,0.9125,53.8815324
"Upper Haul Over, Wachapreague, VA",UHO_66,UHO,66,12.1064,1.4911,8.1191067,10.6153,0.8428,0.6483,56.52203072
"Upper Haul Over, Wachapreague, VA",UHO_83,UHO,83,2.2054,0.3035,7.266556837,1.9019,0.1569,0.1466,51.69686985
"Upper Haul Over, Wachapreague, VA",UHO_94,UHO,94,10.1455,1.0274,9.874927,9.1181,0.5428,0.4846,52.83239245
"Heikendorf, Kiel, D",DHD_15,DHD,15,1.4547,0.2645,5.499810964,1.1902,0.1059,0.1586,40.03780718
"Heikendorf, Kiel, D",DHD_18,DHD,18,2.3544,0.4242,5.550212164,1.9302,0.1816,0.2426,42.80999529
"Heikendorf, Kiel, D",DHD_22,DHD,22,2.2806,0.4395,5.189078498,1.8411,0.2103,0.2292,47.84982935
"Heikendorf, Kiel, D",DHD_29,DHD,29,1.5238,0.2893,5.267196682,1.2345,0.1036,0.1857,35.81057726
"Heikendorf, Kiel, D",DHD_39,DHD,39,2.9546,0.5362,5.510257367,2.4184,0.2001,0.3361,37.31816486
"Heikendorf, Kiel, D",DHD_51,DHD,51,0.968,0.1977,4.896307537,0.7703,0.0746,0.1231,37.73394031
"Heikendorf, Kiel, D",DHD_78,DHD,78,,,,,,,
"Heikendorf, Kiel, D",DHD_82,DHD,82,9.1308,0.9664,9.448261589,8.1644,0.4189,0.5475,43.3464404
"Heikendorf, Kiel, D",DHD_85,DHD,85,6.93,1.0411,6.656421093,5.8889,0.4167,0.6244,40.02497359
"Heikendorf, Kiel, D",DHD_90,DHD,90,1.9409,0.3637,5.336541105,1.5772,0.1441,0.2196,39.6205664
"Heikendorf, Kiel, D",DHD_97,DHD,97,4.1047,0.6968,5.890786452,3.4079,0.2531,0.4437,36.32319173
"mando, DK",DKM_22,DKM,22,7.4374,0.8023,9.270098467,6.6351,0.3048,0.4975,37.99077652
"mando, DK",DKM_29,DKM,29,18.1813,1.9183,9.477818902,16.263,0.553,1.3653,28.82760778
"mando, DK",DKM_34,DKM,34,13.5314,1.1406,11.86340523,12.3908,0.4399,0.7007,38.56742066
"mando, DK",DKM_44,DKM,44,20.2583,2.3961,8.454697216,17.8622,1.0613,1.3348,44.29280915
"mando, DK",DKM_48,DKM,48,4.5638,0.5471,8.34180223,4.0167,0.2184,0.3287,39.91957595
"mando, DK",DKM_63,DKM,63,9.8843,0.9641,10.25235971,8.9202,0.3946,0.5695,40.92936417
"mando, DK",DKM_78,DKM,78,3.6666,0.4394,8.344560765,3.2272,0.1614,0.278,36.73190715
"mando, DK",DKM_90,DKM,90,19.7101,1.9047,10.34813881,17.8054,0.7722,1.1325,40.54181761
"mando, DK",DKM_94,DKM,94,7.7175,0.848,9.100825472,6.8695,0.3742,0.4738,44.12735849
"mando, DK",DKM_UNK,DKM,UNK,12.2823,1.262,9.732408875,11.0203,0.5598,0.7022,44.35816165
"Nordstrand, D",DNS_02,DNS,2,1.4611,0.1749,8.353916524,1.2862,0.0821,0.0928,46.94110921
"Nordstrand, D",DNS_15,DNS,15,3.4557,0.4421,7.81655734,3.0136,0.1971,0.245,44.5826736
"Nordstrand, D",DNS_20,DNS,20,1.5673,0.1878,8.345580405,1.3795,0.0771,0.1107,41.0543131
"Nordstrand, D",DNS_40,DNS,40,17.8746,1.5069,11.86183556,16.3677,0.5813,0.9256,38.57588427
"Nordstrand, D",DNS_44,DNS,44,7.922,0.8101,9.779039625,7.1119,0.3828,0.4273,47.2534255
"Nordstrand, D",DNS_53,DNS,53,22.7625,1.8222,12.49176819,20.9403,0.6686,1.1536,36.69191088
"Nordstrand, D",DNS_59,DNS,59,11.0638,0.9868,11.2117957,10.077,0.3945,0.5923,39.97770572
"Nordstrand, D",DNS_62,DNS,62,4.6569,0.4945,9.417391304,4.1624,0.2365,0.258,47.82608696
"Nordstrand, D",DNS_68,DNS,68,39.0646,3.3421,11.68863888,35.7225,1.2621,2.08,37.76368152
"Nordstrand, D",DNS_96,DNS,96,1.5003,0.2201,6.81644707,1.2802,0.0934,0.1267,42.4352567
"Heiligenhafen, D",DHH_17,DHH,17,6.0857,0.7672,7.932351408,5.3185,0.2989,0.4683,38.95985401
"Heiligenhafen, D",DHH_29,DHH,29,6.3032,1.0344,6.09358082,5.2688,0.365,0.6694,35.28615623
"Heiligenhafen, D",DHH_34,DHH,34,16.5817,2.9836,5.557614962,13.5981,0.7868,2.1968,26.37082719
"Heiligenhafen, D",DHH_36,DHH,36,0.9119,0.2746,3.320830299,0.6373,0.1621,0.1125,59.03131828
"Heiligenhafen, D",DHH_43,DHH,43,9.3106,1.5224,6.115738308,7.7882,0.5397,0.9827,35.45060431
"Heiligenhafen, D",DHH_94,DHH,94,7.6759,1.2314,6.233474095,6.4445,0.4331,0.7983,35.17134968
"Heiligenhafen, D",DHH_72,DHH,72,7.8046,1.4099,5.535569899,6.3947,0.5153,0.8946,36.5486914
"Heiligenhafen, D",DHH_82,DHH,82,2.9512,0.5049,5.845117845,2.4463,0.2026,0.3023,40.12675777
"Heiligenhafen, D",DHH_92,DHH,92,17.6343,2.8169,6.26017963,14.8174,0.6417,2.1752,22.78036139
"Heiligenhafen, D",DHH_97,DHH,97,6.8927,1.2663,5.443180921,5.6264,0.4413,0.825,34.84956172
Pont L'Abbé,FPA_03,FPA,3,1.5995,0.2131,7.505865791,1.3864,0.0786,0.1345,36.88409198
Pont L'Abbé,FPA_18,FPA,18,1.5682,0.1969,7.964448959,1.3713,0.0717,0.1252,36.41442357
Pont L'Abbé,FPA_28,FPA,28,0.9284,0.1363,6.811445341,0.7921,0.0403,0.096,29.56713133
Pont L'Abbé,FPA_36,FPA,36,1.054,0.1556,6.77377892,0.8984,0.0487,0.1069,31.29820051
Pont L'Abbé,FPA_43,FPA,43,1.2806,0.1608,7.963930348,1.1198,0.0588,0.102,36.56716418
Pont L'Abbé,FPA_58,FPA,58,1.7326,0.2083,8.31781085,1.5243,0.0793,0.129,38.07009121
Pont L'Abbé,FPA_67,FPA,67,1.2577,0.2313,5.437527021,1.0264,0.1151,0.1162,49.76221358
Pont L'Abbé,FPA_73,FPA,73,1.3709,0.1942,7.059217302,1.1767,0.0709,0.1233,36.50875386
Pont L'Abbé,FPA_75,FPA,75,3.1094,0.3879,8.015983501,2.7215,0.1448,0.2431,37.32920856
Pont L'Abbé,FPA_76,FPA,76,8.4768,1.0569,8.020437127,7.4199,0.3577,0.6992,33.84426152
"Mordreuc, Dinan (La Rance)",FDM_01,FDM,1,2.6319,0.3114,8.451830443,2.3205,0.1203,0.1911,38.63198459
"Mordreuc, Dinan (La Rance)",FDM_100,FDM,100,1.4832,0.216,6.866666667,1.2672,0.0849,0.1311,39.30555556
"Mordreuc, Dinan (La Rance)",FDM_23,FDM,23,5.5364,0.7605,7.279947403,4.7759,0.4002,0.3603,52.62327416
"Mordreuc, Dinan (La Rance)",FDM_32,FDM,32,5.0911,0.7221,7.050408531,4.369,0.4346,0.2875,60.18556987
"Mordreuc, Dinan (La Rance)",FDM_37,FDM,37,3.5328,0.5788,6.103662751,2.954,0.292,0.2868,50.44920525
"Mordreuc, Dinan (La Rance)",FDM_40,FDM,40,2.7002,0.3908,6.909416581,2.3094,0.1825,0.2083,46.69907881
"Mordreuc, Dinan (La Rance)",FDM_41,FDM,41,3.1782,0.5449,5.83262984,2.6333,0.302,0.2429,55.4230134
"Mordreuc, Dinan (La Rance)",FDM_52,FDM,52,1.2727,0.2289,5.5600699,1.0438,0.1519,0.077,66.36085627
"Mordreuc, Dinan (La Rance)",FDM_65,FDM,65,2.7299,0.3469,7.869414817,2.383,0.1318,0.2151,37.99365811
"Mordreuc, Dinan (La Rance)",FDM_82,FDM,82,1.5932,0.2303,6.917933131,1.3629,0.0816,0.1487,35.43204516
"Mordreuc, Dinan (La Rance)",FDM_85,FDM,85,2.5233,0.2927,8.620772122,2.2306,0.0988,0.1939,33.75469764
"Mordreuc, Dinan (La Rance)",FDM_95,FDM,95,1.3072,0.1554,8.411840412,1.1518,0.0653,0.0901,42.02059202
Le Faou,FLF_05,FLF,5,1.7327,0.1983,8.737771054,1.5344,0.0903,0.108,45.53706505
Le Faou,FLF_08,FLF,8,3.5823,0.4397,8.147145781,3.1426,0.1756,0.2641,39.93632022
Le Faou,FLF_16,FLF,16,1.8547,0.252,7.359920635,1.6027,0.0958,0.1562,38.01587302
Le Faou,FLF_45,FLF,45,0.7656,0.1085,7.056221198,0.6571,0.0407,0.0678,37.51152074
Le Faou,FLF_47,FLF,47,2.778,0.3049,9.111183995,2.4731,0.1257,0.1792,41.22663168
Le Faou,FLF_55,FLF,55,0.7783,0.1005,7.744278607,0.6778,0.0375,0.063,37.31343284
Le Faou,FLF_59,FLF,59,1.1699,0.1742,6.715843858,0.9957,0.0652,0.109,37.4282434
Le Faou,FLF_63,FLF,63,0.8007,0.1011,7.919881306,0.6996,0.0368,0.0643,36.39960435
Le Faou,FLF_87,FLF,87,1.2292,0.1421,8.650246305,1.0871,0.0578,0.0843,40.67558058
Le Faou,FLF_96,FLF,96,0.8058,0.1173,6.869565217,0.6885,0.056,0.0613,47.74083546
St Pol de Leon,FPL_10,FPL,10,0.5396,0.0946,5.704016913,0.445,0.0299,0.0647,31.60676533
St Pol de Leon,FPL_17,FPL,17,1.6574,0.1944,8.525720165,1.463,0.0887,0.1057,45.62757202
St Pol de Leon,FPL_25,FPL,25,0.6347,0.1133,5.601941748,0.5214,0.0315,0.0818,27.80229479
St Pol de Leon,FPL_31,FPL,31,2.0649,0.2821,7.319744771,1.7828,0.1016,0.1805,36.01559731
St Pol de Leon,FPL_41,FPL,41,2.469,0.389,6.347043702,2.08,0.1222,0.2668,31.41388175
St Pol de Leon,FPL_53,FPL,53,2.6904,0.3735,7.203212851,2.3169,0.1163,0.2572,31.13788487
St Pol de Leon,FPL_55,FPL,55,1.0528,0.1695,6.21120944,0.8833,0.0517,0.1178,30.50147493
St Pol de Leon,FPL_79,FPL,79,2.1099,0.3355,6.288822653,1.7744,0.1078,0.2277,32.13114754
St Pol de Leon,FPL_89,FPL,89,0.7426,0.1465,5.06894198,0.5961,0.0394,0.1071,26.89419795
St Pol de Leon,FPL_98,FPL,98,2.3112,0.2837,8.146633768,2.0275,0.0898,0.1939,31.65315474
"A Coruna, Galicia, Spain",GAL_69,GAL,69,1.5897,0.1947,8.164869029,1.395,0.0741,0.1206,38.05855162
"A Coruna, Galicia, Spain",GAL_28,GAL,28,0.9001,0.1342,6.707153502,0.7659,0.0424,0.0918,31.59463487
"A Coruna, Galicia, Spain",GAL_41,GAL,41,6.3213,0.8082,7.821455085,5.5131,0.2811,0.5271,34.7809948
"A Coruna, Galicia, Spain",GAL_54,GAL,54,2.6408,0.4414,5.982782057,2.1994,0.1087,0.3327,24.6261894
"A Coruna, Galicia, Spain",GAL_68,GAL,68,1.3151,0.2197,5.98588985,1.0954,0.064,0.1557,29.13063268
"A Coruna, Galicia, Spain",GAL_63,GAL,63,2.5902,0.3459,7.488291414,2.2443,0.1255,0.2204,36.28216247
"A Coruna, Galicia, Spain",GAL_73,GAL,73,2.6225,0.4121,6.363746663,2.2104,0.123,0.2891,29.84712448
"A Coruna, Galicia, Spain",GAL_78,GAL,78,4.9996,0.6445,7.757331265,4.3551,0.1927,0.4518,29.89914663
"A Coruna, Galicia, Spain",GAL_91,GAL,91,1.0669,0.1623,6.573629082,0.9046,0.0516,0.1107,31.79297597
"A Coruna, Galicia, Spain",GAL_98,GAL,98,0.8576,0.1274,6.73155416,0.7302,0.0444,0.083,34.85086342
"Aveiro, Portugal",AVE_03,AVE,3,20.2408,2.0807,9.72788004,18.1601,0.6446,1.4361,30.97995867
"Aveiro, Portugal",AVE_06,AVE,6,8.0156,1.0127,7.915078503,7.0029,0.3018,0.7109,29.80152069
"Aveiro, Portugal",AVE_07,AVE,7,4.2107,0.5532,7.611532899,3.6575,0.1913,0.3619,34.58062184
"Aveiro, Portugal",AVE_12,AVE,12,2.0174,0.2865,7.041535777,1.7309,0.0924,0.1941,32.2513089
"Aveiro, Portugal",AVE_14,AVE,14,1.5947,0.2172,7.342081031,1.3775,0.0736,0.1436,33.88581952
"Aveiro, Portugal",AVE_19,AVE,19,2.5158,0.3249,7.743305633,2.1909,0.1365,0.1884,42.01292705
"Aveiro, Portugal",AVE_36,AVE,36,2.1671,0.3146,6.888429752,1.8525,0.1036,0.211,32.93070566
"Aveiro, Portugal",AVE_79,AVE,79,12.8951,1.6199,7.960429656,11.2752,0.4789,1.141,29.56355331
"Aveiro, Portugal",AVE_86,AVE,86,8.3869,1.0284,8.155289771,7.3585,0.3703,0.6581,36.00739012
"Aveiro, Portugal",AVE_94,AVE,94,3.0246,0.4412,6.855394379,2.5834,0.1449,0.2963,32.84224841
"Faro, Portugal",FAR_02,FAR,2,1.2964,0.2175,5.96045977,1.0789,0.0738,0.1437,33.93103448
"Faro, Portugal",FAR_11,FAR,11,0.4689,0.0754,6.218832891,0.3935,0.0263,0.0491,34.8806366
"Faro, Portugal",FAR_23,FAR,23,1.4119,0.2489,5.672559261,1.163,0.0731,0.1758,29.36922459
"Faro, Portugal",FAR_37,FAR,37,0.9821,0.1593,6.165097301,0.8228,0.0735,0.0858,46.1393597
"Faro, Portugal",FAR_50,FAR,50,0.4016,0.0634,6.334384858,0.3382,0.0251,0.0383,39.58990536
"Faro, Portugal",FAR_58,FAR,58,0.3797,0.0507,7.489151874,0.329,0.0206,0.0301,40.63116371
"Faro, Portugal",FAR_60,FAR,60,0.3807,0.06,6.345,0.3207,0.0218,0.0382,36.33333333
"Faro, Portugal",FAR_74,FAR,74,0.8123,0.1244,6.529742765,0.6879,0.0412,0.0832,33.11897106
"Faro, Portugal",FAR_82,FAR,82,0.6997,0.1424,4.913623596,0.5573,0.0449,0.0975,31.53089888
"Faro, Portugal",FAR_84,FAR,84,0.4133,0.077,5.367532468,0.3363,0.0329,0.0441,42.72727273
"Faro, Portugal",FAR_85,FAR,85,0.4803,0.0931,5.158968851,0.3872,0.0341,0.059,36.62728249
"Bournemouth, UK",BOM_04,BOM,4,1.9399,0.3377,5.744447735,1.6022,0.0727,0.265,21.52798342
"Bournemouth, UK",BOM_07,BOM,7,16.9535,1.4059,12.05882353,15.5476,0.5144,0.8915,36.58866207
"Bournemouth, UK",BOM_09,BOM,9,18.8692,1.7381,10.85622231,17.1311,0.5582,1.1799,32.11552845
"Bournemouth, UK",BOM_10,BOM,10,29.219,2.2309,13.09740463,26.9881,0.8838,1.3471,39.61629835
"Bournemouth, UK",BOM_13,BOM,13,17.7489,1.6819,10.55288662,16.067,0.5696,1.1123,33.86646055
"Bournemouth, UK",BOM_15,BOM,15,8.5034,0.8265,10.28844525,7.6769,0.0365,0.79,4.416212946
"Bournemouth, UK",BOM_16,BOM,16,9.5941,0.6703,14.31314337,8.9238,0.3601,0.3102,53.72221393
"Bournemouth, UK",BOM_27,BOM,27,4.2778,0.4443,9.628179158,3.8335,0.1671,0.2772,37.60972316
"Bournemouth, UK",BOM_43,BOM,43,2.258,0.2737,8.249908659,1.9843,0.1189,0.1548,43.44172452
"Bournemouth, UK",BOM_46,BOM,46,5.3006,0.5506,9.626952416,4.75,0.1998,0.3508,36.28768616
